feature,importance
num__blood_pressure,0.1213584511753581
num__teacher_student_relationship,0.07893437554758098
num__academic_performance,0.07450819978498778
num__sleep_quality,0.07311384084303654
num__depression,0.07147671060493135
num__social_support,0.06557984942135837
num__bullying,0.05721864949809048
num__anxiety_level,0.05540511338729932
num__future_career_concerns,0.05237185560989846
num__extracurricular_activities,0.05134095756245784
