feature,importance
num__blood_pressure,0.3042507963273422
num__self_esteem,0.22404749383444597
num__social_support,0.1254521216496704
num__teacher_student_relationship,0.04448423852593091
num__academic_performance,0.0381260415022619
num__study_load,0.035035561411073314
num__sleep_quality,0.03319444182160264
num__headache,0.026049299566325467
num__depression,0.02397295377425044
num__extracurricular_activities,0.02092908536391581
