feature,importance
num__blood_pressure,0.26268622780623263
num__sleep_quality,0.2366364472511257
num__academic_performance,0.15246193885835332
num__teacher_student_relationship,0.11594278747149057
num__basic_needs,0.03145513532024959
num__social_support,0.026964705260533465
num__self_esteem,0.026630878611408476
num__headache,0.018743507045302366
num__anxiety_level,0.018188770928812277
num__extracurricular_activities,0.01792359928695861
