{
  "KNN(k=5)": {
    "accuracy": 0.8681818181818182
  },
  "LogisticRegression": {
    "accuracy": 0.8863636363636364
  },
  "DecisionTree": {
    "accuracy": 0.8590909090909091
  },
  "Baseline LogReg": {
    "accuracy": 0.8863636363636364
  },
  "LogReg + ROS": {
    "accuracy": 0.8863636363636364
  },
  "LogReg + RUS": {
    "accuracy": 0.8909090909090909
  },
  "LogReg + SMOTE": {
    "accuracy": 0.8909090909090909
  },
  "Random Forest (best)": {
    "accuracy": 0.8818181818181818
  },
  "Gradient Boosting (best)": {
    "accuracy": 0.8954545454545455
  },
  "AdaBoost (best)": {
    "accuracy": 0.8818181818181818
  }
}