{
  "KNN(k=5)": {
    "accuracy": 0.8545454545454545
  },
  "LogisticRegression": {
    "accuracy": 0.8818181818181818
  },
  "DecisionTree": {
    "accuracy": 0.8590909090909091
  },
  "Baseline LogReg": {
    "accuracy": 0.8818181818181818
  },
  "LogReg + ROS": {
    "accuracy": 0.8818181818181818
  },
  "LogReg + RUS": {
    "accuracy": 0.8818181818181818
  },
  "LogReg + SMOTE": {
    "accuracy": 0.8863636363636364
  }
}