{
  "Random Forest": {
    "accuracy": 0.8954545454545455
  },
  "LogReg + RUS": {
    "accuracy": 0.8909090909090909
  },
  "LogReg + SMOTE": {
    "accuracy": 0.8909090909090909
  },
  "Gradient Boosting (best)": {
    "accuracy": 0.8954545454545455
  }
}